order_date,order_hour,total_transactions,prediction
2023-03-01,7,26,46
2023-03-01,8,39,59
2023-03-01,9,43,59
2023-03-01,10,33,56
2023-03-01,11,67,39
2023-03-01,12,47,39
2023-03-01,13,61,38
2023-03-01,14,59,40
2023-03-01,15,72,40
2023-03-01,16,56,41
2023-03-01,17,65,48
2023-03-01,18,53,29
2023-03-01,19,40,32
2023-03-02,7,12,44
2023-03-02,8,41,55
2023-03-02,9,34,59
2023-03-02,10,24,54
2023-03-02,11,58,52
2023-03-02,12,64,43
2023-03-02,13,74,52
2023-03-02,14,68,48
2023-03-02,15,55,56
2023-03-02,16,68,48
2023-03-02,17,63,54
2023-03-02,18,60,40
2023-03-02,19,52,35
2023-03-03,7,24,35
2023-03-03,8,32,55
2023-03-03,9,36,53
2023-03-03,10,28,48
2023-03-03,11,77,49
2023-03-03,12,66,51
2023-03-03,13,49,58
2023-03-03,14,75,53
2023-03-03,15,74,49
2023-03-03,16,80,55
2023-03-03,17,61,55
2023-03-03,18,54,46
2023-03-03,19,54,41
2023-03-04,7,14,38
2023-03-04,8,35,50
2023-03-04,9,31,53
2023-03-04,10,26,48
2023-03-04,11,51,58
2023-03-04,12,75,54
2023-03-04,13,54,48
2023-03-04,14,75,60
2023-03-04,15,64,60
2023-03-04,16,60,62
2023-03-04,17,52,56
2023-03-04,18,56,44
2023-03-04,19,31,44
2023-03-05,7,22,32
2023-03-05,8,44,49
2023-03-05,9,47,48
2023-03-05,10,26,46
2023-03-05,11,64,49
2023-03-05,12,55,60
2023-03-05,13,65,51
2023-03-05,14,68,60
2023-03-05,15,57,56
2023-03-05,16,52,54
2023-03-05,17,73,52
2023-03-05,18,49,46
2023-03-05,19,53,34
2023-03-06,7,13,33
2023-03-06,8,41,48
2023-03-06,9,29,50
2023-03-06,10,39,39
2023-03-06,11,55,54
2023-03-06,12,58,52
2023-03-06,13,53,57
2023-03-06,14,49,58
2023-03-06,15,70,53
2023-03-06,16,54,51
2023-03-06,17,63,62
2023-03-06,18,32,43
2023-03-06,19,31,45
2023-03-07,6,5,39
2023-03-07,7,54,30
2023-03-07,8,108,49
2023-03-07,9,74,45
2023-03-07,10,102,48
2023-03-07,11,45,51
2023-03-07,12,35,54
2023-03-07,13,21,53
2023-03-07,14,22,50
2023-03-07,15,27,60
2023-03-07,16,27,52
2023-03-07,17,30,57
2023-03-07,18,41,36
2023-03-07,19,28,34
2023-03-07,20,10,19
2023-03-08,6,17,28
2023-03-08,7,66,49
2023-03-08,8,84,82
2023-03-08,9,94,66
2023-03-08,10,91,79
2023-03-08,11,62,44
2023-03-08,12,35,43
2023-03-08,13,44,35
2023-03-08,14,33,35
2023-03-08,15,37,38
2023-03-08,16,49,38
2023-03-08,17,41,41
2023-03-08,18,47,38
2023-03-08,19,36,32
2023-03-08,20,6,18
2023-03-09,6,18,33
2023-03-09,7,84,58
2023-03-09,8,94,73
2023-03-09,9,108,78
2023-03-09,10,132,78
2023-03-09,11,40,52
2023-03-09,12,32,40
2023-03-09,13,38,43
2023-03-09,14,23,38
2023-03-09,15,19,42
2023-03-09,16,26,46
2023-03-09,17,34,44
2023-03-09,18,35,39
2023-03-09,19,34,34
2023-03-09,20,5,16
2023-03-10,6,34,31
2023-03-10,7,95,68
2023-03-10,8,112,81
2023-03-10,9,104,88
2023-03-10,10,94,101
2023-03-10,11,48,40
2023-03-10,12,28,37
2023-03-10,13,28,41
2023-03-10,14,42,31
2023-03-10,15,32,31
2023-03-10,16,46,33
2023-03-10,17,34,40
2023-03-10,18,32,34
2023-03-10,19,21,32
2023-03-11,6,53,38
2023-03-11,7,77,78
2023-03-11,8,102,93
2023-03-11,9,76,90
2023-03-11,10,82,88
2023-03-11,11,43,45
2023-03-11,12,27,33
2023-03-11,13,32,35
2023-03-11,14,42,37
2023-03-11,15,30,35
2023-03-11,16,36,42
2023-03-11,17,39,40
2023-03-11,18,28,31
2023-03-11,19,22,27
2023-03-12,6,51,47
2023-03-12,7,76,72
2023-03-12,8,66,91
2023-03-12,9,99,78
2023-03-12,10,96,86
2023-03-12,11,35,41
2023-03-12,12,20,32
2023-03-12,13,30,35
2023-03-12,14,34,36
2023-03-12,15,29,33
2023-03-12,16,31,37
2023-03-12,17,45,39
2023-03-12,18,38,28
2023-03-12,19,17,25
2023-03-13,7,78,74
2023-03-13,8,125,76
2023-03-13,9,98,92
2023-03-13,10,132,93
2023-03-13,11,33,36
2023-03-13,12,40,26
2023-03-13,13,26,33
2023-03-13,14,47,32
2023-03-13,15,42,29
2023-03-13,16,37,33
2023-03-13,17,19,40
2023-03-13,18,28,33
2023-03-13,19,12,22
2023-03-13,20,13,14
2023-03-14,7,32,75
2023-03-14,8,148,99
2023-03-14,9,146,90
2023-03-14,10,132,108
2023-03-14,11,21,35
2023-03-14,12,27,36
2023-03-14,13,29,33
2023-03-14,14,20,40
2023-03-14,15,22,38
2023-03-14,16,28,37
2023-03-14,17,35,30
2023-03-14,18,18,28
2023-03-14,19,25,19
2023-03-14,20,8,18
2023-03-15,6,41,48
2023-03-15,7,85,52
2023-03-15,8,96,114
2023-03-15,9,112,113
2023-03-15,10,103,110
2023-03-15,11,43,27
2023-03-15,12,31,30
2023-03-15,13,39,32
2023-03-15,14,29,27
2023-03-15,15,31,28
2023-03-15,16,30,31
2023-03-15,17,37,36
2023-03-15,18,24,21
2023-03-15,19,20,24
2023-03-16,6,41,46
2023-03-16,7,115,75
2023-03-16,8,90,91
2023-03-16,9,86,98
2023-03-16,10,113,94
2023-03-16,11,52,37
2023-03-16,12,32,32
2023-03-16,13,33,37
2023-03-16,14,35,32
2023-03-16,15,33,33
2023-03-16,16,42,33
2023-03-16,17,32,37
2023-03-16,18,23,24
2023-03-16,19,31,21
2023-03-17,6,46,47
2023-03-17,7,105,88
2023-03-17,8,85,86
2023-03-17,9,87,86
2023-03-17,10,122,101
2023-03-17,11,40,41
2023-03-17,12,31,32
2023-03-17,13,34,35
2023-03-17,14,18,33
2023-03-17,15,29,34
2023-03-17,16,36,37
2023-03-17,17,25,35
2023-03-17,18,24,23
2023-03-17,19,11,27
2023-03-18,6,41,50
2023-03-18,7,115,86
2023-03-18,8,92,84
2023-03-18,9,97,88
2023-03-18,10,117,108
2023-03-18,11,32,36
2023-03-18,12,36,32
2023-03-18,13,34,35
2023-03-18,14,41,25
2023-03-18,15,35,32
2023-03-18,16,30,35
2023-03-18,17,30,31
2023-03-18,18,12,24
2023-03-18,19,19,18
2023-03-19,6,46,48
2023-03-19,7,97,93
2023-03-19,8,102,90
2023-03-19,9,87,91
2023-03-19,10,114,106
2023-03-19,11,45,33
2023-03-19,12,37,35
2023-03-19,13,22,35
2023-03-19,14,32,36
2023-03-19,15,41,35
2023-03-19,16,28,33
2023-03-19,17,29,32
2023-03-19,18,29,17
2023-03-19,19,16,22
2023-03-20,7,68,85
2023-03-20,8,145,89
2023-03-20,9,134,85
2023-03-20,10,113,101
2023-03-20,11,23,38
2023-03-20,12,19,34
2023-03-20,13,31,29
2023-03-20,14,38,29
2023-03-20,15,33,36
2023-03-20,16,48,30
2023-03-20,17,33,33
2023-03-20,18,13,24
2023-03-20,19,30,20
2023-03-20,20,7,15
2023-03-21,7,32,76
2023-03-21,8,126,107
2023-03-21,9,120,103
2023-03-21,10,115,100
2023-03-21,11,24,29
2023-03-21,12,29,26
2023-03-21,13,46,33
2023-03-21,14,23,34
2023-03-21,15,23,34
2023-03-21,16,30,40
2023-03-21,17,22,34
2023-03-21,18,34,17
2023-03-21,19,13,26
2023-03-21,20,13,14
2023-03-22,6,43,48
2023-03-22,7,71,55
2023-03-22,8,75,102
2023-03-22,9,71,99
2023-03-22,10,54,103
2023-03-22,11,59,28
2023-03-22,12,48,30
2023-03-22,13,33,40
2023-03-22,14,32,27
2023-03-22,15,40,29
2023-03-22,16,45,32
2023-03-22,17,45,28
2023-03-22,18,31,26
2023-03-22,19,22,18
2023-03-23,6,48,46
2023-03-23,7,64,68
2023-03-23,8,70,80
2023-03-23,9,69,78
2023-03-23,10,82,73
2023-03-23,11,42,43
2023-03-23,12,29,39
2023-03-23,13,39,34
2023-03-23,14,60,30
2023-03-23,15,43,36
2023-03-23,16,32,39
2023-03-23,17,55,39
2023-03-23,18,28,26
2023-03-23,19,33,21
2023-03-24,6,44,49
2023-03-24,7,73,64
2023-03-24,8,75,77
2023-03-24,9,74,76
2023-03-24,10,95,82
2023-03-24,11,51,36
2023-03-24,12,32,31
2023-03-24,13,44,37
2023-03-24,14,48,46
2023-03-24,15,47,39
2023-03-24,16,39,33
2023-03-24,17,30,45
2023-03-24,18,36,24
2023-03-24,19,30,28
2023-03-25,6,35,48
2023-03-25,7,88,65
2023-03-25,8,71,78
2023-03-25,9,72,77
2023-03-25,10,80,87
2023-03-25,11,42,42
2023-03-25,12,45,32
2023-03-25,13,40,40
2023-03-25,14,28,40
2023-03-25,15,35,41
2023-03-25,16,54,37
2023-03-25,17,39,34
2023-03-25,18,30,30
2023-03-25,19,29,27
2023-03-26,6,39,43
2023-03-26,7,75,72
2023-03-26,8,93,74
2023-03-26,9,72,76
2023-03-26,10,64,79
2023-03-26,11,49,37
2023-03-26,12,29,38
2023-03-26,13,40,40
2023-03-26,14,40,31
2023-03-26,15,35,35
2023-03-26,16,43,45
2023-03-26,17,34,38
2023-03-26,18,32,26
2023-03-26,19,26,27
2023-03-27,7,54,67
2023-03-27,8,103,78
2023-03-27,9,113,69
2023-03-27,10,126,69
2023-03-27,11,44,41
2023-03-27,12,40,31
2023-03-27,13,41,39
2023-03-27,14,29,35
2023-03-27,15,63,34
2023-03-27,16,35,38
2023-03-27,17,50,35
2023-03-27,18,29,28
2023-03-27,19,29,24
2023-03-27,20,8,16
2023-03-28,7,39,61
2023-03-28,8,47,82
2023-03-28,9,43,88
2023-03-28,10,50,96
2023-03-28,11,55,40
2023-03-28,12,47,36
2023-03-28,13,51,38
2023-03-28,14,42,31
2023-03-28,15,55,49
2023-03-28,16,67,35
2023-03-28,17,59,44
2023-03-28,18,36,25
2023-03-28,19,35,27
2023-03-29,7,34,51
2023-03-29,8,39,59
2023-03-29,9,49,58
2023-03-29,10,60,66
2023-03-29,11,34,43
2023-03-29,12,50,38
2023-03-29,13,45,44
2023-03-29,14,49,37
2023-03-29,15,52,46
2023-03-29,16,54,50
2023-03-29,17,50,48
2023-03-29,18,36,29
2023-03-29,19,30,30
2023-03-30,6,36,44
2023-03-30,7,72,47
2023-03-30,8,91,54
2023-03-30,9,90,60
2023-03-30,10,89,68
2023-03-30,11,33,34
2023-03-30,12,30,42
2023-03-30,13,27,41
2023-03-30,14,29,38
2023-03-30,15,25,45
2023-03-30,16,29,46
2023-03-30,17,37,43
2023-03-30,18,28,29
2023-03-30,19,20,27
2023-03-30,20,3,14
2023-03-31,6,11,42
2023-03-31,7,57,64
2023-03-31,8,91,77
2023-03-31,9,102,78
2023-03-31,10,95,80
2023-03-31,11,42,33
2023-03-31,12,33,33
2023-03-31,13,21,32
2023-03-31,14,26,29
2023-03-31,15,23,32
2023-03-31,16,28,34
2023-03-31,17,39,39
2023-03-31,18,20,25
2023-03-31,19,25,22
2023-03-31,20,2,12
2023-04-01,7,27,61
2023-04-01,8,31,86
2023-04-01,9,56,93
2023-04-01,10,40,91
2023-04-01,11,73,43
2023-04-01,12,98,39
2023-04-01,13,79,34
2023-04-01,14,57,34
2023-04-01,15,87,36
2023-04-01,16,75,37
2023-04-01,17,78,45
2023-04-01,18,71,27
2023-04-01,19,58,30
2023-04-02,7,16,44
2023-04-02,8,40,52
2023-04-02,9,42,69
2023-04-02,10,29,63
2023-04-02,11,59,59
2023-04-02,12,74,75
2023-04-02,13,86,65
2023-04-02,14,70,50
2023-04-02,15,92,70
2023-04-02,16,80,62
2023-04-02,17,91,67
2023-04-02,18,60,54
2023-04-02,19,63,48
2023-04-03,7,21,38
2023-04-03,8,50,53
2023-04-03,9,33,57
2023-04-03,10,42,51
2023-04-03,11,102,53
2023-04-03,12,88,64
2023-04-03,13,66,70
2023-04-03,14,76,58
2023-04-03,15,74,72
2023-04-03,16,76,67
2023-04-03,17,60,74
2023-04-03,18,69,49
2023-04-03,19,57,52
2023-04-04,7,22,40
2023-04-04,8,33,61
2023-04-04,9,49,55
2023-04-04,10,42,60
2023-04-04,11,67,76
2023-04-04,12,75,72
2023-04-04,13,65,60
2023-04-04,14,73,62
2023-04-04,15,65,64
2023-04-04,16,69,64
2023-04-04,17,82,58
2023-04-04,18,67,55
2023-04-04,19,44,49
2023-04-05,7,25,40
2023-04-05,8,46,52
2023-04-05,9,45,63
2023-04-05,10,54,59
2023-04-05,11,86,61
2023-04-05,12,70,66
2023-04-05,13,72,61
2023-04-05,14,74,61
2023-04-05,15,76,60
2023-04-05,16,72,62
2023-04-05,17,73,71
2023-04-05,18,63,55
2023-04-05,19,58,43
2023-04-06,7,15,38
2023-04-06,8,49,54
2023-04-06,9,45,57
2023-04-06,10,37,62
2023-04-06,11,68,73
2023-04-06,12,58,66
2023-04-06,13,63,67
2023-04-06,14,67,65
2023-04-06,15,86,69
2023-04-06,16,63,66
2023-04-06,17,80,69
2023-04-06,18,54,55
2023-04-06,19,54,52
2023-04-07,6,4,33
2023-04-07,7,71,32
2023-04-07,8,123,54
2023-04-07,9,117,54
2023-04-07,10,130,50
2023-04-07,11,51,64
2023-04-07,12,49,61
2023-04-07,13,35,64
2023-04-07,14,35,63
2023-04-07,15,37,77
2023-04-07,16,29,63
2023-04-07,17,27,74
2023-04-07,18,50,52
2023-04-07,19,30,51
2023-04-07,20,14,15
2023-04-08,6,15,27
2023-04-08,7,94,63
2023-04-08,8,98,97
2023-04-08,9,108,94
2023-04-08,10,134,103
2023-04-08,11,69,53
2023-04-08,12,59,52
2023-04-08,13,42,46
2023-04-08,14,62,45
2023-04-08,15,54,47
2023-04-08,16,57,42
2023-04-08,17,49,43
2023-04-08,18,43,47
2023-04-08,19,44,37
2023-04-08,20,5,21
2023-04-09,6,17,31
2023-04-09,7,104,78
2023-04-09,8,105,87
2023-04-09,9,143,93
2023-04-09,10,143,110
2023-04-09,11,47,63
2023-04-09,12,43,57
2023-04-09,13,37,47
2023-04-09,14,35,57
2023-04-09,15,36,54
2023-04-09,16,30,54
2023-04-09,17,33,52
2023-04-09,18,36,43
2023-04-09,19,36,42
2023-04-09,20,3,16
2023-04-10,6,66,32
2023-04-10,7,124,86
2023-04-10,8,122,92
2023-04-10,9,137,116
2023-04-10,10,121,118
2023-04-10,11,48,48
2023-04-10,12,35,46
2023-04-10,13,45,44
2023-04-10,14,41,41
2023-04-10,15,35,44
2023-04-10,16,41,39
2023-04-10,17,46,44
2023-04-10,18,35,38
2023-04-10,19,17,38
2023-04-11,6,56,57
2023-04-11,7,87,101
2023-04-11,8,133,105
2023-04-11,9,107,116
2023-04-11,10,131,110
2023-04-11,11,50,49
2023-04-11,12,38,41
2023-04-11,13,37,47
2023-04-11,14,53,43
2023-04-11,15,30,42
2023-04-11,16,46,43
2023-04-11,17,40,47
2023-04-11,18,29,36
2023-04-11,19,27,27
2023-04-12,6,57,53
2023-04-12,7,92,85
2023-04-12,8,96,114
2023-04-12,9,120,104
2023-04-12,10,101,118
2023-04-12,11,48,47
2023-04-12,12,44,41
2023-04-12,13,48,41
2023-04-12,14,44,48
2023-04-12,15,39,37
2023-04-12,16,56,44
2023-04-12,17,58,43
2023-04-12,18,47,31
2023-04-12,19,17,30
2023-04-13,7,84,91
2023-04-13,8,150,97
2023-04-13,9,144,113
2023-04-13,10,164,107
2023-04-13,11,35,46
2023-04-13,12,36,44
2023-04-13,13,28,46
2023-04-13,14,41,43
2023-04-13,15,35,39
2023-04-13,16,40,49
2023-04-13,17,25,51
2023-04-13,18,46,40
2023-04-13,19,29,24
2023-04-13,20,13,14
2023-04-14,7,21,85
2023-04-14,8,140,122
2023-04-14,9,189,123
2023-04-14,10,166,135
2023-04-14,11,33,40
2023-04-14,12,25,40
2023-04-14,13,33,37
2023-04-14,14,26,43
2023-04-14,15,34,39
2023-04-14,16,35,43
2023-04-14,17,46,37
2023-04-14,18,28,40
2023-04-14,19,30,31
2023-04-14,20,15,19
2023-04-15,6,48,56
2023-04-15,7,128,49
2023-04-15,8,125,120
2023-04-15,9,114,149
2023-04-15,10,137,138
2023-04-15,11,49,36
2023-04-15,12,41,32
2023-04-15,13,32,39
2023-04-15,14,31,32
2023-04-15,15,43,37
2023-04-15,16,38,38
2023-04-15,17,41,46
2023-04-15,18,34,30
2023-04-15,19,20,30
2023-04-16,6,64,54
2023-04-16,7,135,103
2023-04-16,8,137,113
2023-04-16,9,138,109
2023-04-16,10,151,122
2023-04-16,11,62,45
2023-04-16,12,32,41
2023-04-16,13,53,38
2023-04-16,14,36,36
2023-04-16,15,48,42
2023-04-16,16,46,41
2023-04-16,17,33,44
2023-04-16,18,34,33
2023-04-16,19,20,24
2023-04-17,6,59,63
2023-04-17,7,128,106
2023-04-17,8,88,119
2023-04-17,9,100,121
2023-04-17,10,142,131
2023-04-17,11,53,52
2023-04-17,12,30,36
2023-04-17,13,21,48
2023-04-17,14,36,38
2023-04-17,15,27,45
2023-04-17,16,38,45
2023-04-17,17,37,39
2023-04-17,18,20,33
2023-04-17,19,16,25
2023-04-18,6,56,63
2023-04-18,7,125,106
2023-04-18,8,114,92
2023-04-18,9,112,103
2023-04-18,10,149,127
2023-04-18,11,66,47
2023-04-18,12,36,35
2023-04-18,13,29,32
2023-04-18,14,43,36
2023-04-18,15,43,35
2023-04-18,16,44,40
2023-04-18,17,55,41
2023-04-18,18,15,26
2023-04-18,19,23,22
2023-04-19,6,78,58
2023-04-19,7,110,105
2023-04-19,8,139,107
2023-04-19,9,136,108
2023-04-19,10,119,134
2023-04-19,11,58,55
2023-04-19,12,54,37
2023-04-19,13,29,35
2023-04-19,14,40,40
2023-04-19,15,42,42
2023-04-19,16,33,42
2023-04-19,17,28,49
2023-04-19,18,34,21
2023-04-19,19,21,26
2023-04-20,7,72,99
2023-04-20,8,169,116
2023-04-20,9,140,119
2023-04-20,10,146,114
2023-04-20,11,30,52
2023-04-20,12,31,47
2023-04-20,13,40,35
2023-04-20,14,46,38
2023-04-20,15,44,42
2023-04-20,16,47,37
2023-04-20,17,24,37
2023-04-20,18,20,30
2023-04-20,19,34,24
2023-04-20,20,11,20
2023-04-21,7,54,85
2023-04-21,8,127,133
2023-04-21,9,158,116
2023-04-21,10,156,126
2023-04-21,11,34,38
2023-04-21,12,27,36
2023-04-21,13,38,41
2023-04-21,14,46,43
2023-04-21,15,32,43
2023-04-21,16,31,45
2023-04-21,17,29,33
2023-04-21,18,42,23
2023-04-21,19,20,31
2023-04-21,20,15,19
2023-04-22,6,56,70
2023-04-22,7,82,68
2023-04-22,8,89,113
2023-04-22,9,70,130
2023-04-22,10,91,133
2023-04-22,11,62,38
2023-04-22,12,46,33
2023-04-22,13,50,40
2023-04-22,14,48,43
2023-04-22,15,43,36
2023-04-22,16,53,36
2023-04-22,17,54,35
2023-04-22,18,34,34
2023-04-22,19,20,24
2023-04-23,6,54,59
2023-04-23,7,98,79
2023-04-23,8,94,91
2023-04-23,9,98,82
2023-04-23,10,87,97
2023-04-23,11,65,52
2023-04-23,12,51,43
2023-04-23,13,38,45
2023-04-23,14,59,44
2023-04-23,15,44,41
2023-04-23,16,42,47
2023-04-23,17,45,49
2023-04-23,18,47,30
2023-04-23,19,33,24
2023-04-24,6,44,59
2023-04-24,7,98,86
2023-04-24,8,93,96
2023-04-24,9,88,98
2023-04-24,10,109,93
2023-04-24,11,68,54
2023-04-24,12,40,46
2023-04-24,13,50,41
2023-04-24,14,68,51
2023-04-24,15,51,43
2023-04-24,16,57,42
2023-04-24,17,46,44
2023-04-24,18,46,38
2023-04-24,19,35,31
2023-04-25,6,43,52
2023-04-25,7,99,85
2023-04-25,8,96,93
2023-04-25,9,81,91
2023-04-25,10,96,102
2023-04-25,11,66,55
2023-04-25,12,61,41
2023-04-25,13,54,47
2023-04-25,14,39,56
2023-04-25,15,48,46
2023-04-25,16,54,49
2023-04-25,17,51,43
2023-04-25,18,34,39
2023-04-25,19,41,32
2023-04-26,6,51,51
2023-04-26,7,90,86
2023-04-26,8,102,91
2023-04-26,9,108,84
2023-04-26,10,87,96
2023-04-26,11,62,55
2023-04-26,12,48,51
2023-04-26,13,61,50
2023-04-26,14,60,41
2023-04-26,15,46,45
2023-04-26,16,56,49
2023-04-26,17,60,48
2023-04-26,18,45,32
2023-04-26,19,39,36
2023-04-27,7,64,83
2023-04-27,8,120,90
2023-04-27,9,145,96
2023-04-27,10,148,87
2023-04-27,11,41,55
2023-04-27,12,55,46
2023-04-27,13,41,54
2023-04-27,14,48,52
2023-04-27,15,74,44
2023-04-27,16,55,50
2023-04-27,17,67,54
2023-04-27,18,40,39
2023-04-27,19,43,35
2023-04-27,20,13,20
2023-04-28,7,55,72
2023-04-28,8,69,100
2023-04-28,9,47,113
2023-04-28,10,47,117
2023-04-28,11,59,45
2023-04-28,12,55,50
2023-04-28,13,60,44
2023-04-28,14,63,46
2023-04-28,15,77,60
2023-04-28,16,68,51
2023-04-28,17,82,59
2023-04-28,18,48,36
2023-04-28,19,39,38
2023-04-29,7,32,65
2023-04-29,8,49,76
2023-04-29,9,50,67
2023-04-29,10,53,67
2023-04-29,11,39,52
2023-04-29,12,56,50
2023-04-29,13,66,53
2023-04-29,14,60,54
2023-04-29,15,57,63
2023-04-29,16,64,57
2023-04-29,17,63,66
2023-04-29,18,44,41
2023-04-29,19,41,37
2023-04-30,6,35,54
2023-04-30,7,69,49
2023-04-30,8,127,63
2023-04-30,9,98,65
2023-04-30,10,121,69
2023-04-30,11,36,41
2023-04-30,12,42,50
2023-04-30,13,42,58
2023-04-30,14,31,52
2023-04-30,15,44,53
2023-04-30,16,56,56
2023-04-30,17,25,58
2023-04-30,18,35,38
2023-04-30,19,20,37
2023-04-30,20,4,19
2023-05-01,7,41,75
2023-05-01,8,49,112
2023-05-01,9,58,97
2023-05-01,10,58,111
2023-05-01,11,102,45
2023-05-01,12,103,51
2023-05-01,13,98,53
2023-05-01,14,86,43
2023-05-01,15,102,53
2023-05-01,16,99,59
2023-05-01,17,102,45
2023-05-01,18,82,40
2023-05-01,19,70,33
2023-05-02,7,24,58
2023-05-02,8,60,70
2023-05-02,9,47,76
2023-05-02,10,56,78
2023-05-02,11,79,80
2023-05-02,12,94,83
2023-05-02,13,118,82
2023-05-02,14,96,73
2023-05-02,15,107,85
2023-05-02,16,91,83
2023-05-02,17,108,86
2023-05-02,18,80,66
2023-05-02,19,80,59
2023-05-03,7,33,47
2023-05-03,8,69,74
2023-05-03,9,48,67
2023-05-03,10,52,75
2023-05-03,11,124,69
2023-05-03,12,88,80
2023-05-03,13,83,95
2023-05-03,14,100,79
2023-05-03,15,117,90
2023-05-03,16,97,80
2023-05-03,17,91,90
2023-05-03,18,96,66
2023-05-03,19,78,66
2023-05-04,7,21,51
2023-05-04,8,45,76
2023-05-04,9,57,63
2023-05-04,10,46,68
2023-05-04,11,96,96
2023-05-04,12,114,79
2023-05-04,13,93,79
2023-05-04,14,113,83
2023-05-04,15,95,96
2023-05-04,16,93,85
2023-05-04,17,105,83
2023-05-04,18,87,76
2023-05-04,19,64,66
2023-05-05,7,28,43
2023-05-05,8,65,64
2023-05-05,9,67,70
2023-05-05,10,60,67
2023-05-05,11,98,82
2023-05-05,12,109,94
2023-05-05,13,89,85
2023-05-05,14,96,92
2023-05-05,15,100,85
2023-05-05,16,95,83
2023-05-05,17,99,90
2023-05-05,18,90,73
2023-05-05,19,66,60
2023-05-06,7,38,47
2023-05-06,8,52,75
2023-05-06,9,51,76
2023-05-06,10,47,74
2023-05-06,11,68,86
2023-05-06,12,94,94
2023-05-06,13,85,84
2023-05-06,14,79,85
2023-05-06,15,115,90
2023-05-06,16,96,85
2023-05-06,17,96,89
2023-05-06,18,69,76
2023-05-06,19,65,62
2023-05-07,6,6,51
2023-05-07,7,99,50
2023-05-07,8,155,63
2023-05-07,9,132,64
2023-05-07,10,161,63
2023-05-07,11,77,72
2023-05-07,12,64,88
2023-05-07,13,39,84
2023-05-07,14,36,78
2023-05-07,15,35,101
2023-05-07,16,43,88
2023-05-07,17,40,91
2023-05-07,18,59,67
2023-05-07,19,42,64
2023-05-07,20,24,20
2023-05-08,6,17,34
2023-05-08,7,116,83
2023-05-08,8,157,121
2023-05-08,9,140,109
2023-05-08,10,158,126
2023-05-08,11,80,74
2023-05-08,12,58,70
2023-05-08,13,79,57
2023-05-08,14,72,53
2023-05-08,15,68,56
2023-05-08,16,63,57
2023-05-08,17,55,58
2023-05-08,18,64,60
2023-05-08,19,51,50
2023-05-08,20,8,30
2023-05-09,6,24,38
2023-05-09,7,144,96
2023-05-09,8,144,126
2023-05-09,9,167,117
2023-05-09,10,189,128
2023-05-09,11,50,76
2023-05-09,12,56,66
2023-05-09,13,46,75
2023-05-09,14,35,70
2023-05-09,15,53,71
2023-05-09,16,46,66
2023-05-09,17,41,63
2023-05-09,18,53,62
2023-05-09,19,42,53
2023-05-09,20,4,22
2023-05-10,6,77,41
2023-05-10,7,156,114
2023-05-10,8,159,122
2023-05-10,9,153,135
2023-05-10,10,156,150
2023-05-10,11,73,57
2023-05-10,12,45,63
2023-05-10,13,65,57
2023-05-10,14,56,49
2023-05-10,15,43,60
2023-05-10,16,57,55
2023-05-10,17,51,55
2023-05-10,18,44,54
2023-05-10,19,28,47
2023-05-11,6,86,69
2023-05-11,7,137,126
2023-05-11,8,142,135
2023-05-11,9,111,132
2023-05-11,10,150,138
2023-05-11,11,74,68
2023-05-11,12,47,54
2023-05-11,13,51,65
2023-05-11,14,69,56
2023-05-11,15,35,53
2023-05-11,16,55,59
2023-05-11,17,39,57
2023-05-11,18,43,48
2023-05-11,19,28,38
2023-05-12,6,80,75
2023-05-12,7,108,121
2023-05-12,8,110,129
2023-05-12,9,165,112
2023-05-12,10,141,138
2023-05-12,11,53,67
2023-05-12,12,42,52
2023-05-12,13,63,56
2023-05-12,14,48,62
2023-05-12,15,45,46
2023-05-12,16,47,57
2023-05-12,17,57,48
2023-05-12,18,54,45
2023-05-12,19,27,36
2023-05-13,7,113,109
2023-05-13,8,201,115
2023-05-13,9,180,145
2023-05-13,10,197,138
2023-05-13,11,53,57
2023-05-13,12,54,48
2023-05-13,13,46,62
2023-05-13,14,48,50
2023-05-13,15,55,48
2023-05-13,16,65,50
2023-05-13,17,36,56
2023-05-13,18,44,50
2023-05-13,19,37,34
2023-05-13,20,19,19
2023-05-14,7,45,110
2023-05-14,8,219,161
2023-05-14,9,242,152
2023-05-14,10,196,165
2023-05-14,11,38,55
2023-05-14,12,37,54
2023-05-14,13,52,54
2023-05-14,14,30,52
2023-05-14,15,52,56
2023-05-14,16,40,61
2023-05-14,17,49,46
2023-05-14,18,30,45
2023-05-14,19,29,39
2023-05-14,20,12,27
2023-05-15,6,55,74
2023-05-15,7,146,73
2023-05-15,8,172,172
2023-05-15,9,160,187
2023-05-15,10,169,166
2023-05-15,11,73,46
2023-05-15,12,58,45
2023-05-15,13,49,55
2023-05-15,14,50,40
2023-05-15,15,51,52
2023-05-15,16,47,47
2023-05-15,17,44,52
2023-05-15,18,44,36
2023-05-15,19,38,34
2023-05-16,6,54,63
2023-05-16,7,173,123
2023-05-16,8,149,150
2023-05-16,9,168,145
2023-05-16,10,179,150
2023-05-16,11,88,65
2023-05-16,12,38,55
2023-05-16,13,59,54
2023-05-16,14,57,51
2023-05-16,15,70,52
2023-05-16,16,55,51
2023-05-16,17,46,50
2023-05-16,18,40,43
2023-05-16,19,43,39
2023-05-17,6,70,64
2023-05-17,7,166,137
2023-05-17,8,128,137
2023-05-17,9,135,150
2023-05-17,10,149,157
2023-05-17,11,62,73
2023-05-17,12,42,45
2023-05-17,13,46,58
2023-05-17,14,36,54
2023-05-17,15,39,63
2023-05-17,16,42,55
2023-05-17,17,49,50
2023-05-17,18,33,41
2023-05-17,19,17,42
2023-05-18,6,72,74
2023-05-18,7,152,135
2023-05-18,8,145,126
2023-05-18,9,148,135
2023-05-18,10,195,142
2023-05-18,11,66,59
2023-05-18,12,60,47
2023-05-18,13,59,52
2023-05-18,14,49,42
2023-05-18,15,60,47
2023-05-18,16,68,47
2023-05-18,17,56,52
2023-05-18,18,25,37
2023-05-18,19,37,28
2023-05-19,6,88,73
2023-05-19,7,170,130
2023-05-19,8,171,137
2023-05-19,9,152,139
2023-05-19,10,179,167
2023-05-19,11,68,62
2023-05-19,12,62,56
2023-05-19,13,56,58
2023-05-19,14,36,49
2023-05-19,15,52,58
2023-05-19,16,41,61
2023-05-19,17,54,55
2023-05-19,18,57,31
2023-05-19,19,28,39
2023-05-20,7,103,141
2023-05-20,8,232,147
2023-05-20,9,201,140
2023-05-20,10,189,157
2023-05-20,11,35,63
2023-05-20,12,33,57
2023-05-20,13,54,57
2023-05-20,14,56,42
2023-05-20,15,56,54
2023-05-20,16,54,46
2023-05-20,17,45,55
2023-05-20,18,33,48
2023-05-20,19,56,33
2023-05-20,20,19,22
2023-05-21,7,55,111
2023-05-21,8,181,178
2023-05-21,9,205,161
2023-05-21,10,185,162
2023-05-21,11,38,47
2023-05-21,12,45,43
2023-05-21,13,51,56
2023-05-21,14,56,53
2023-05-21,15,53,56
2023-05-21,16,31,54
2023-05-21,17,47,50
2023-05-21,18,54,36
2023-05-21,19,30,49
2023-05-21,20,22,26
2023-05-22,6,69,81
2023-05-22,7,108,81
2023-05-22,8,121,153
2023-05-22,9,109,167
2023-05-22,10,124,161
2023-05-22,11,89,46
2023-05-22,12,65,48
2023-05-22,13,66,54
2023-05-22,14,71,53
2023-05-22,15,62,54
2023-05-22,16,73,41
2023-05-22,17,67,51
2023-05-22,18,54,47
2023-05-22,19,39,35
2023-05-23,6,72,71
2023-05-23,7,127,104
2023-05-23,8,110,122
2023-05-23,9,123,116
2023-05-23,10,113,127
2023-05-23,11,72,71
2023-05-23,12,46,59
2023-05-23,13,51,62
2023-05-23,14,79,61
2023-05-23,15,60,58
2023-05-23,16,54,63
2023-05-23,17,59,62
2023-05-23,18,56,47
2023-05-23,19,53,39
2023-05-24,6,47,73
2023-05-24,7,101,112
2023-05-24,8,123,116
2023-05-24,9,98,123
2023-05-24,10,128,121
2023-05-24,11,83,63
2023-05-24,12,61,50
2023-05-24,13,87,55
2023-05-24,14,83,67
2023-05-24,15,62,58
2023-05-24,16,74,54
2023-05-24,17,52,58
2023-05-24,18,65,49
2023-05-24,19,40,48
2023-05-25,6,64,60
2023-05-25,7,102,97
2023-05-25,8,128,121
2023-05-25,9,105,108
2023-05-25,10,123,125
2023-05-25,11,64,69
2023-05-25,12,54,57
2023-05-25,13,80,74
2023-05-25,14,43,70
2023-05-25,15,57,59
2023-05-25,16,81,64
2023-05-25,17,62,54
2023-05-25,18,47,55
2023-05-25,19,33,41
2023-05-26,6,72,68
2023-05-26,7,103,94
2023-05-26,8,110,121
2023-05-26,9,134,109
2023-05-26,10,111,120
2023-05-26,11,71,59
2023-05-26,12,60,53
2023-05-26,13,57,71
2023-05-26,14,72,50
2023-05-26,15,62,57
2023-05-26,16,63,69
2023-05-26,17,73,60
2023-05-26,18,63,45
2023-05-26,19,38,38
2023-05-27,7,89,96
2023-05-27,8,147,106
2023-05-27,9,181,120
2023-05-27,10,196,110
2023-05-27,11,56,65
2023-05-27,12,59,57
2023-05-27,13,59,59
2023-05-27,14,63,65
2023-05-27,15,85,59
2023-05-27,16,59,60
2023-05-27,17,72,66
2023-05-27,18,51,55
2023-05-27,19,46,39
2023-05-27,20,20,27
2023-05-28,7,60,91
2023-05-28,8,85,124
2023-05-28,9,74,142
2023-05-28,10,77,154
2023-05-28,11,79,58
2023-05-28,12,66,57
2023-05-28,13,81,61
2023-05-28,14,77,60
2023-05-28,15,92,72
2023-05-28,16,110,60
2023-05-28,17,94,67
2023-05-28,18,52,48
2023-05-28,19,52,44
2023-05-29,7,53,73
2023-05-29,8,73,92
2023-05-29,9,70,89
2023-05-29,10,79,93
2023-05-29,11,62,68
2023-05-29,12,61,60
2023-05-29,13,87,72
2023-05-29,14,76,67
2023-05-29,15,76,77
2023-05-29,16,101,86
2023-05-29,17,81,78
2023-05-29,18,46,48
2023-05-29,19,41,47
2023-05-30,6,51,72
2023-05-30,7,100,66
2023-05-30,8,149,85
2023-05-30,9,162,84
2023-05-30,10,120,92
2023-05-30,11,55,59
2023-05-30,12,62,58
2023-05-30,13,37,77
2023-05-30,14,63,66
2023-05-30,15,51,69
2023-05-30,16,51,84
2023-05-30,17,48,73
2023-05-30,18,41,45
2023-05-30,19,32,41
2023-05-31,6,31,59
2023-05-31,7,111,90
2023-05-31,8,132,124
2023-05-31,9,140,134
2023-05-31,10,172,112
2023-05-31,11,51,54
2023-05-31,12,42,58
2023-05-31,13,42,48
2023-05-31,14,46,59
2023-05-31,15,41,56
2023-05-31,16,49,57
2023-05-31,17,51,56
2023-05-31,18,39,41
2023-05-31,19,30,36
2023-05-31,20,5,26
2023-06-01,7,40,106
2023-06-01,8,54,126
2023-06-01,9,69,134
2023-06-01,10,52,152
2023-06-01,11,117,60
2023-06-01,12,112,56
2023-06-01,13,103,58
2023-06-01,14,96,59
2023-06-01,15,119,58
2023-06-01,16,102,63
2023-06-01,17,104,65
2023-06-01,18,104,48
2023-06-01,19,78,43
2023-06-02,7,32,66
2023-06-02,8,65,83
2023-06-02,9,54,94
2023-06-02,10,51,87
2023-06-02,11,95,97
2023-06-02,12,111,95
2023-06-02,13,116,92
2023-06-02,14,110,86
2023-06-02,15,104,101
2023-06-02,16,103,92
2023-06-02,17,115,94
2023-06-02,18,95,83
2023-06-02,19,92,69
2023-06-03,7,35,60
2023-06-03,8,60,85
2023-06-03,9,54,81
2023-06-03,10,59,80
2023-06-03,11,129,86
2023-06-03,12,120,96
2023-06-03,13,78,101
2023-06-03,14,108,95
2023-06-03,15,120,94
2023-06-03,16,111,94
2023-06-03,17,96,101
2023-06-03,18,103,80
2023-06-03,19,87,78
2023-06-04,7,25,60
2023-06-04,8,52,81
2023-06-04,9,72,80
2023-06-04,10,55,83
2023-06-04,11,105,106
2023-06-04,12,117,103
2023-06-04,13,90,80
2023-06-04,14,117,95
2023-06-04,15,110,103
2023-06-04,16,97,98
2023-06-04,17,120,91
2023-06-04,18,90,86
2023-06-04,19,64,76
2023-06-05,7,25,54
2023-06-05,8,64,77
2023-06-05,9,68,90
2023-06-05,10,60,81
2023-06-05,11,101,96
2023-06-05,12,124,104
2023-06-05,13,122,87
2023-06-05,14,115,102
2023-06-05,15,92,100
2023-06-05,16,92,91
2023-06-05,17,93,106
2023-06-05,18,83,82
2023-06-05,19,71,66
2023-06-06,7,43,51
2023-06-06,8,59,79
2023-06-06,9,58,84
2023-06-06,10,61,81
2023-06-06,11,84,95
2023-06-06,12,95,110
2023-06-06,13,96,107
2023-06-06,14,89,103
2023-06-06,15,122,92
2023-06-06,16,97,90
2023-06-06,17,103,93
2023-06-06,18,72,79
2023-06-06,19,62,71
2023-06-07,6,6,55
2023-06-07,7,84,57
2023-06-07,8,172,73
2023-06-07,9,140,75
2023-06-07,10,198,76
2023-06-07,11,72,87
2023-06-07,12,76,97
2023-06-07,13,46,96
2023-06-07,14,37,90
2023-06-07,15,48,111
2023-06-07,16,43,94
2023-06-07,17,41,100
2023-06-07,18,52,75
2023-06-07,19,45,67
2023-06-07,20,23,25
2023-06-08,6,24,39
2023-06-08,7,118,80
2023-06-08,8,151,137
2023-06-08,9,137,121
2023-06-08,10,172,154
2023-06-08,11,106,79
2023-06-08,12,70,85
2023-06-08,13,68,67
2023-06-08,14,70,60
2023-06-08,15,66,68
2023-06-08,16,72,63
2023-06-08,17,58,65
2023-06-08,18,80,61
2023-06-08,19,67,56
2023-06-08,20,10,34
2023-06-09,6,25,48
2023-06-09,7,157,101
2023-06-09,8,157,129
2023-06-09,9,191,122
2023-06-09,10,203,145
2023-06-09,11,68,97
2023-06-09,12,60,79
2023-06-09,13,52,76
2023-06-09,14,49,76
2023-06-09,15,51,76
2023-06-09,16,47,77
2023-06-09,17,42,71
2023-06-09,18,65,75
2023-06-09,19,50,67
2023-06-09,20,7,27
2023-06-10,6,82,46
2023-06-10,7,156,126
2023-06-10,8,154,136
2023-06-10,9,190,156
2023-06-10,10,166,167
2023-06-10,11,64,74
2023-06-10,12,50,71
2023-06-10,13,60,66
2023-06-10,14,60,62
2023-06-10,15,51,65
2023-06-10,16,56,61
2023-06-10,17,46,60
2023-06-10,18,50,65
2023-06-10,19,25,56
2023-06-11,6,91,76
2023-06-11,7,146,131
2023-06-11,8,178,138
2023-06-11,9,141,160
2023-06-11,10,158,152
2023-06-11,11,73,70
2023-06-11,12,56,63
2023-06-11,13,61,69
2023-06-11,14,72,65
2023-06-11,15,43,62
2023-06-11,16,62,64
2023-06-11,17,49,59
2023-06-11,18,41,56
2023-06-11,19,37,41
2023-06-12,6,87,83
2023-06-12,7,140,131
2023-06-12,8,112,156
2023-06-12,9,159,138
2023-06-12,10,170,152
2023-06-12,11,57,74
2023-06-12,12,51,64
2023-06-12,13,57,67
2023-06-12,14,58,70
2023-06-12,15,53,57
2023-06-12,16,57,66
2023-06-12,17,73,59
2023-06-12,18,58,50
2023-06-12,19,30,47
2023-06-13,7,132,132
2023-06-13,8,228,124
2023-06-13,9,219,151
2023-06-13,10,213,162
2023-06-13,11,48,65
2023-06-13,12,55,60
2023-06-13,13,38,64
2023-06-13,14,56,61
2023-06-13,15,62,59
2023-06-13,16,70,62
2023-06-13,17,47,70
2023-06-13,18,50,58
2023-06-13,19,38,41
2023-06-13,20,25,24
2023-06-14,7,55,129
2023-06-14,8,255,186
2023-06-14,9,237,185
2023-06-14,10,238,185
2023-06-14,11,39,59
2023-06-14,12,34,61
2023-06-14,13,58,53
2023-06-14,14,39,61
2023-06-14,15,47,64
2023-06-14,16,49,69
2023-06-14,17,49,57
2023-06-14,18,41,54
2023-06-14,19,35,45
2023-06-14,20,18,34
2023-06-15,6,62,82
2023-06-15,7,164,86
2023-06-15,8,158,204
2023-06-15,9,176,198
2023-06-15,10,196,200
2023-06-15,11,78,51
2023-06-15,12,49,48
2023-06-15,13,54,63
2023-06-15,14,55,51
2023-06-15,15,47,55
2023-06-15,16,54,57
2023-06-15,17,39,57
2023-06-15,18,63,47
2023-06-15,19,42,42
2023-06-16,6,61,71
2023-06-16,7,187,143
2023-06-16,8,172,153
2023-06-16,9,178,165
2023-06-16,10,185,177
2023-06-16,11,85,71
2023-06-16,12,65,55
2023-06-16,13,63,61
2023-06-16,14,64,59
2023-06-16,15,71,55
2023-06-16,16,74,60
2023-06-16,17,38,52
2023-06-16,18,48,58
2023-06-16,19,40,45
2023-06-17,6,84,72
2023-06-17,7,169,156
2023-06-17,8,122,160
2023-06-17,9,142,165
2023-06-17,10,184,172
2023-06-17,11,65,76
2023-06-17,12,54,64
2023-06-17,13,45,65
2023-06-17,14,40,63
2023-06-17,15,39,68
2023-06-17,16,41,71
2023-06-17,17,60,51
2023-06-17,18,36,50
2023-06-17,19,18,44
2023-06-18,6,72,86
2023-06-18,7,177,147
2023-06-18,8,162,132
2023-06-18,9,166,146
2023-06-18,10,205,173
2023-06-18,11,65,65
2023-06-18,12,59,58
2023-06-18,13,64,55
2023-06-18,14,65,49
2023-06-18,15,52,51
2023-06-18,16,68,52
2023-06-18,17,71,62
2023-06-18,18,30,43
2023-06-18,19,34,32
2023-06-19,6,104,80
2023-06-19,7,169,153
2023-06-19,8,192,156
2023-06-19,9,174,160
2023-06-19,10,184,186
2023-06-19,11,81,66
2023-06-19,12,75,61
2023-06-19,13,49,66
2023-06-19,14,55,63
2023-06-19,15,62,58
2023-06-19,16,54,67
2023-06-19,17,46,68
2023-06-19,18,61,40
2023-06-19,19,37,41
2023-06-20,7,112,150
2023-06-20,8,228,169
2023-06-20,9,199,161
2023-06-20,10,208,173
2023-06-20,11,44,75
2023-06-20,12,28,70
2023-06-20,13,47,58
2023-06-20,14,76,58
2023-06-20,15,57,63
2023-06-20,16,53,59
2023-06-20,17,49,55
2023-06-20,18,31,56
2023-06-20,19,49,42
2023-06-20,20,21,29
2023-06-21,7,64,123
2023-06-21,8,197,186
2023-06-21,9,223,173
2023-06-21,10,220,184
2023-06-21,11,41,56
2023-06-21,12,46,45
2023-06-21,13,63,56
2023-06-21,14,59,70
2023-06-21,15,56,61
2023-06-21,16,36,59
2023-06-21,17,38,56
2023-06-21,18,54,40
2023-06-21,19,30,49
2023-06-21,20,26,31
2023-06-22,6,74,96
2023-06-22,7,111,93
2023-06-22,8,130,172
2023-06-22,9,108,187
2023-06-22,10,115,191
2023-06-22,11,86,52
2023-06-22,12,71,54
2023-06-22,13,70,65
2023-06-22,14,69,61
2023-06-22,15,72,60
2023-06-22,16,82,49
2023-06-22,17,66,50
2023-06-22,18,51,51
2023-06-22,19,42,38
2023-06-23,6,72,80
2023-06-23,7,134,114
2023-06-23,8,107,135
2023-06-23,9,129,124
2023-06-23,10,124,133
2023-06-23,11,89,75
2023-06-23,12,64,67
2023-06-23,13,61,68
2023-06-23,14,83,66
2023-06-23,15,58,68
2023-06-23,16,66,73
2023-06-23,17,63,66
2023-06-23,18,56,49
2023-06-23,19,61,44
2023-06-24,6,66,79
2023-06-24,7,124,124
2023-06-24,8,124,122
2023-06-24,9,107,134
2023-06-24,10,138,135
2023-06-24,11,94,78
2023-06-24,12,62,64
2023-06-24,13,75,64
2023-06-24,14,99,75
2023-06-24,15,78,61
2023-06-24,16,70,65
2023-06-24,17,59,64
2023-06-24,18,71,52
2023-06-24,19,47,55
2023-06-25,6,66,76
2023-06-25,7,135,117
2023-06-25,8,149,129
2023-06-25,9,111,120
2023-06-25,10,119,139
2023-06-25,11,72,81
2023-06-25,12,61,62
2023-06-25,13,87,71
2023-06-25,14,57,84
2023-06-25,15,67,73
2023-06-25,16,90,67
2023-06-25,17,62,61
2023-06-25,18,51,62
2023-06-25,19,47,48
2023-06-26,6,70,75
2023-06-26,7,132,122
2023-06-26,8,132,141
2023-06-26,9,145,120
2023-06-26,10,118,127
2023-06-26,11,79,70
2023-06-26,12,61,62
2023-06-26,13,73,80
2023-06-26,14,67,63
2023-06-26,15,65,68
2023-06-26,16,70,80
2023-06-26,17,75,64
2023-06-26,18,67,51
2023-06-26,19,41,49
2023-06-27,7,88,121
2023-06-27,8,166,127
2023-06-27,9,195,135
2023-06-27,10,214,123
2023-06-27,11,71,75
2023-06-27,12,62,63
2023-06-27,13,64,73
2023-06-27,14,63,68
2023-06-27,15,91,67
2023-06-27,16,64,69
2023-06-27,17,80,72
2023-06-27,18,54,61
2023-06-27,19,45,46
2023-06-27,20,20,33
2023-06-28,7,63,99
2023-06-28,8,90,144
2023-06-28,9,84,160
2023-06-28,10,90,172
2023-06-28,11,92,72
2023-06-28,12,78,64
2023-06-28,13,92,68
2023-06-28,14,94,65
2023-06-28,15,95,81
2023-06-28,16,87,67
2023-06-28,17,82,76
2023-06-28,18,65,54
2023-06-28,19,58,48
2023-06-29,7,49,83
2023-06-29,8,80,102
2023-06-29,9,79,101
2023-06-29,10,84,107
2023-06-29,11,73,82
2023-06-29,12,79,72
2023-06-29,13,93,83
2023-06-29,14,77,82
2023-06-29,15,75,84
2023-06-29,16,112,79
2023-06-29,17,88,77
2023-06-29,18,59,60
2023-06-29,19,61,55
2023-06-30,6,42,76
2023-06-30,7,108,72
2023-06-30,8,164,96
2023-06-30,9,163,96
2023-06-30,10,183,102
2023-06-30,11,69,71
2023-06-30,12,30,73
2023-06-30,13,50,85
2023-06-30,14,50,73
2023-06-30,15,48,74
2023-06-30,16,42,94
2023-06-30,17,48,81
2023-06-30,18,51,56
2023-06-30,19,40,56
2023-06-30,20,7,29
